Workbook

Sheet  Products
A1: Worksheet 1: Products
A2: ProductID | B2: Product Name | C2: Price
A3: 101 | B3: Product A | C3: 120
A4: 102 | B4: Product B | C4: 150
A5: 103 | B5: Product C | C5: 200
A6: 104 | B6: Product D | C6: 90
A7: 105 | B7: Product E | C7: 220
A8: 106 | B8: Product F | C8: 130
D14: Q.6
A15: ProductID | B15: Product Name | C15: Price | D15: Order /not Order
A16: 101 | B16: Product A | C16: 120 | D16: =IF(ISNA(VLOOKUP(A16,Orders!$B$2:$C$9,1,0)),"not orderd","orderd") -> orderd
A17: 102 | B17: Product B | C17: 150 | D17: =IF(ISNA(VLOOKUP(A17,Orders!$B$2:$C$9,1,0)),"not orderd","orderd") -> orderd
A18: 103 | B18: Product C | C18: 200 | D18: =IF(ISNA(VLOOKUP(A18,Orders!$B$2:$C$9,1,0)),"not orderd","orderd") -> orderd
A19: 104 | B19: Product D | C19: 90 | D19: =IF(ISNA(VLOOKUP(A19,Orders!$B$2:$C$9,1,0)),"not orderd","orderd") -> orderd
A20: 105 | B20: Product E | C20: 220 | D20: =IF(ISNA(VLOOKUP(A20,Orders!$B$2:$C$9,1,0)),"not orderd","orderd") -> orderd
A21: 106 | B21: Product F | C21: 130 | D21: =IF(ISNA(VLOOKUP(A21,Orders!$B$2:$C$9,1,0)),"not orderd","orderd") -> orderd
A22: 108 | B22: Product H | C22: 700 | D22: =IF(ISNA(VLOOKUP(A22,Orders!$B$2:$C$9,1,0)),"not orderd","orderd") -> not orderd

Sheet Orders
A1: Worksheet 2: Orders
A2: OrderID | B2: ProductID | C2: Quantity
A3: 1 | B3: 101 | C3: 2
A4: 2 | B4: 103 | C4: 1
A5: 3 | B5: 105 | C5: 4
A6: 4 | B6: 106 | C6: 3
A7: 5 | B7: 102 | C7: 5
A8: 6 | B8: 104 | C8: 6
A9: 7 | B9: 104 | C9: 7
D22: Q.1 | E22: Q.2 | G22: Q.3 | H22: Q.4
A23: OrderID | B23: ProductID | C23: Quantity | D23: Product Name | E23: Price | F23: TotalPrice | G23: product present/not | H23: Discounted price
A24: 1 | B24: 101 | C24: 2 | D24: =VLOOKUP(B24,' Products'!$A$2:$C$8,2,0) -> Product A | E24: =VLOOKUP(B24,' Products'!$A$2:$C$8,3,0) -> 120 | F24: =E24*C24 -> 240 | G24: =IF(ISNA(VLOOKUP(B24,' Products'!$A$2:$C$8,1,0)),"NO","YES") -> YES | H24: =E24-E24*10% -> 108 | K24: Q.5
A25: 2 | B25: 103 | C25: 1 | D25: =VLOOKUP(B25,' Products'!$A$2:$C$8,2,0) -> Product C | E25: =VLOOKUP(B25,' Products'!$A$2:$C$8,3,0) -> 200 | F25: =E25*C25 -> 200 | G25: =IF(ISNA(VLOOKUP(B25,' Products'!$A$2:$C$8,1,0)),"NO","YES") -> YES | H25: =E25-E25*10% -> 180 | K25: Maximum order value | L25: =MAX(F24:F29) -> 880
A26: 3 | B26: 105 | C26: 4 | D26: =VLOOKUP(B26,' Products'!$A$2:$C$8,2,0) -> Product E | E26: =VLOOKUP(B26,' Products'!$A$2:$C$8,3,0) -> 220 | F26: =E26*C26 -> 880 | G26: =IF(ISNA(VLOOKUP(B26,' Products'!$A$2:$C$8,1,0)),"NO","YES") -> YES | H26: =E26-E26*10% -> 198
A27: 4 | B27: 106 | C27: 3 | D27: =VLOOKUP(B27,' Products'!$A$2:$C$8,2,0) -> Product F | E27: =VLOOKUP(B27,' Products'!$A$2:$C$8,3,0) -> 130 | F27: =E27*C27 -> 390 | G27: =IF(ISNA(VLOOKUP(B27,' Products'!$A$2:$C$8,1,0)),"NO","YES") -> YES | H27: =E27-E27*10% -> 117
A28: 5 | B28: 102 | C28: 5 | D28: =VLOOKUP(B28,' Products'!$A$2:$C$8,2,0) -> Product B | E28: =VLOOKUP(B28,' Products'!$A$2:$C$8,3,0) -> 150 | F28: =E28*C28 -> 750 | G28: =IF(ISNA(VLOOKUP(B28,' Products'!$A$2:$C$8,1,0)),"NO","YES") -> YES | H28: =E28-E28*10% -> 135
A29: 6 | B29: 104 | C29: 6 | D29: =VLOOKUP(B29,' Products'!$A$2:$C$8,2,0) -> Product D | E29: =VLOOKUP(B29,' Products'!$A$2:$C$8,3,0) -> 90 | F29: =E29*C29 -> 540 | G29: =IF(ISNA(VLOOKUP(B29,' Products'!$A$2:$C$8,1,0)),"NO","YES") -> YES | H29: =E29-E29*10% -> 81
A30: 7 | B30: 107 | G30: =IF(ISNA(VLOOKUP(B30,' Products'!$A$2:$C$8,1,0)),"NO","YES") -> NO | H30: =E30-E30*10% -> 0

Sheet Question
A9: QUESTION
A10: 1. Use VLOOKUP to find the product names for each ProductID in the Orders worksheet.
A11: 2. Use VLOOKUP to find the price for each ProductID in the Orders worksheet, then calculate the TotalPrice by multiplying the Quantity by the Product Price.
A12: 3. Use VLOOKUP to check if there are any ProductIDs in the Orders worksheet that do not exist in the Products worksheet
A13: 4. Assume a discount of 10% is given on all products. Use VLOOKUP to find the original price and then calculate the discounted price.
A14: 5.Use VLOOKUP to find the price for each ProductID and then calculate the order value. Find the maximum order value from the list.
A15: 6. Use VLOOKUP to find out which products from the Products worksheet have not been ordered.
