Workbook

Sheet 1stYear
A1: 1st Year Marks
A2: Name | B2: Sub1 | C2: Sub2 | D2: Sub3
A3: Soham | B3: 67 | C3: 68 | D3: 90
A4: Amiya | B4: 50 | C4: 35 | D4: 98
A5: Ajay | B5: 56 | C5: 79 | D5: 83
A6: Nisha | B6: 83 | C6: 87 | D6: 51
A7: Sahil | B7: 78 | C7: 90 | D7: 68
A8: Riya | B8: 60 | C8: 87 | D8: 93
A9: Nilay | B9: 65 | C9: 98 | D9: 78
D13: CONSOLIDATE SUM
D14: 1ST YEAR
D15: Name | E15: Sub1 | F15: Sub2 | G15: Sub3
D16: Soham | E16: 67 | F16: 68 | G16: 90
D17: Amiya | E17: 51 | F17: 35 | G17: 98
D18: Ajay | E18: 56 | F18: 79 | G18: 83
D19: Nisha | E19: 83 | F19: 87 | G19: 51
D20: Sahil | E20: 78 | F20: 90 | G20: 68
D21: Riya | E21: 60 | F21: 87 | G21: 93
D22: Nilay | E22: 65 | F22: 98 | G22: 78

Sheet 2ndYear
A1: 2nd Year Marks
A2: Name | B2: Sub1 | C2: Sub2 | D2: Sub3
A3: Soham | B3: 67 | C3: 68 | D3: 90
A4: Amiya | B4: 50 | C4: 35 | D4: 98 | G4: CONSOLIDATE SUM
A5: Ajay | B5: 56 | C5: 79 | D5: 83 | G5: 2ND YEAR
A6: Nisha | B6: 83 | C6: 87 | D6: 51 | G6: Name | H6: Sub1 | I6: Sub2 | J6: Sub3
A7: Sahil | B7: 78 | C7: 90 | D7: 68 | G7: Soham | H7: 67 | I7: 68 | J7: 90
A8: Riya | B8: 60 | C8: 87 | D8: 93 | G8: Amiya | H8: 50 | I8: 35 | J8: 98
A9: Nilay | B9: 65 | C9: 98 | D9: 78 | G9: Ajay | H9: 56 | I9: 79 | J9: 83
G10: Nisha | H10: 83 | I10: 87 | J10: 51
G11: Sahil | H11: 78 | I11: 90 | J11: 68
G12: Riya | H12: 60 | I12: 87 | J12: 93
G13: Nilay | H13: 65 | I13: 98 | J13: 78

Sheet 3rdYear
A1: 3rd Year Marks
A2: Name | B2: Sub1 | C2: Sub2 | D2: Sub3
A3: Soham | B3: 67 | C3: 68 | D3: 90
A4: Amiya | B4: 50 | C4: 35 | D4: 98
A5: Ajay | B5: 56 | C5: 79 | D5: 83
A6: Nisha | B6: 83 | C6: 87 | D6: 51
A7: Sahil | B7: 78 | C7: 90 | D7: 68
A8: Riya | B8: 60 | C8: 87 | D8: 93
A9: Nilay | B9: 65 | C9: 98 | D9: 78
A11: CONSOLIDATE SUM
A12: 3RD YEAR
A13: Name | B13: Sub1 | C13: Sub2 | D13: Sub3
A14: Soham | B14: 727 | C14: 68 | D14: 90
A15: Amiya | B15: 50 | C15: 35 | D15: 98
A16: Ajay | B16: 56 | C16: 79 | D16: 83
A17: Nisha | B17: 83 | C17: 817 | D17: 51
A18: Sahil | B18: 78 | C18: 90 | D18: 68
A19: Riya | B19: 60 | C19: 87 | D19: 93
A20: Nilay | B20: 65 | C20: 98 | D20: 78

Sheet TOTAL
A1: 3D SUM
B3: =SUM('3rdYear'!B3) -> 67 | C3: =SUM('3rdYear'!C3) -> 68 | D3: =SUM('3rdYear'!D3) -> 90
B4: =SUM('3rdYear'!B4) -> 50 | C4: =SUM('3rdYear'!C4) -> 35 | D4: =SUM('3rdYear'!D4) -> 98
B5: =SUM('3rdYear'!B5) -> 56 | C5: =SUM('3rdYear'!C5) -> 79 | D5: =SUM('3rdYear'!D5) -> 83
B6: =SUM('3rdYear'!B6) -> 83 | C6: =SUM('3rdYear'!C6) -> 87 | D6: =SUM('3rdYear'!D6) -> 51
B7: =SUM('3rdYear'!B7) -> 78 | C7: =SUM('3rdYear'!C7) -> 90 | D7: =SUM('3rdYear'!D7) -> 68
B8: =SUM('3rdYear'!B8) -> 60 | C8: =SUM('3rdYear'!C8) -> 87 | D8: =SUM('3rdYear'!D8) -> 93
B9: =SUM('3rdYear'!B9) -> 65 | C9: =SUM('3rdYear'!C9) -> 98 | D9: =SUM('3rdYear'!D9) -> 78
L10: Consolidate sum
M11: Sub1 | N11: Sub2 | O11: Sub3
M12: ='1stYear'!$E$16 -> 67 | N12: ='1stYear'!$F$16 -> 68 | O12: ='1stYear'!$G$16 -> 90
M13: ='2ndYear'!$H$7 -> 67 | N13: ='2ndYear'!$I$7 -> 68 | O13: ='2ndYear'!$J$7 -> 90
M14: ='3rdYear'!$B$14 -> 727 | N14: ='3rdYear'!$C$14 -> 68 | O14: ='3rdYear'!$D$14 -> 90
L15: Soham | M15: =SUM(M12:M14) -> 861 | N15: =SUM(N12:N14) -> 204 | O15: =SUM(O12:O14) -> 270
M16: ='1stYear'!$E$17 -> 51 | N16: ='1stYear'!$F$17 -> 35 | O16: ='1stYear'!$G$17 -> 98
M17: ='2ndYear'!$H$8 -> 50 | N17: ='2ndYear'!$I$8 -> 35 | O17: ='2ndYear'!$J$8 -> 98
M18: ='3rdYear'!$B$15 -> 50 | N18: ='3rdYear'!$C$15 -> 35 | O18: ='3rdYear'!$D$15 -> 98
L19: Amiya | M19: =SUM(M16:M18) -> 151 | N19: =SUM(N16:N18) -> 105 | O19: =SUM(O16:O18) -> 294
M20: ='1stYear'!$E$18 -> 56 | N20: ='1stYear'!$F$18 -> 79 | O20: ='1stYear'!$G$18 -> 83
M21: ='2ndYear'!$H$9 -> 56 | N21: ='2ndYear'!$I$9 -> 79 | O21: ='2ndYear'!$J$9 -> 83
M22: ='3rdYear'!$B$16 -> 56 | N22: ='3rdYear'!$C$16 -> 79 | O22: ='3rdYear'!$D$16 -> 83
L23: Ajay | M23: =SUM(M20:M22) -> 168 | N23: =SUM(N20:N22) -> 237 | O23: =SUM(O20:O22) -> 249
M24: ='1stYear'!$E$19 -> 83 | N24: ='1stYear'!$F$19 -> 87 | O24: ='1stYear'!$G$19 -> 51
M25: ='2ndYear'!$H$10 -> 83 | N25: ='2ndYear'!$I$10 -> 87 | O25: ='2ndYear'!$J$10 -> 51
M26: ='3rdYear'!$B$17 -> 83 | N26: ='3rdYear'!$C$17 -> 817 | O26: ='3rdYear'!$D$17 -> 51
L27: Nisha | M27: =SUM(M24:M26) -> 249 | N27: =SUM(N24:N26) -> 991 | O27: =SUM(O24:O26) -> 153
M28: ='1stYear'!$E$20 -> 78 | N28: ='1stYear'!$F$20 -> 90 | O28: ='1stYear'!$G$20 -> 68
M29: ='2ndYear'!$H$11 -> 78 | N29: ='2ndYear'!$I$11 -> 90 | O29: ='2ndYear'!$J$11 -> 68
M30: ='3rdYear'!$B$18 -> 78 | N30: ='3rdYear'!$C$18 -> 90 | O30: ='3rdYear'!$D$18 -> 68
L31: Sahil | M31: =SUM(M28:M30) -> 234 | N31: =SUM(N28:N30) -> 270 | O31: =SUM(O28:O30) -> 204
M32: ='1stYear'!$E$21 -> 60 | N32: ='1stYear'!$F$21 -> 87 | O32: ='1stYear'!$G$21 -> 93
M33: ='2ndYear'!$H$12 -> 60 | N33: ='2ndYear'!$I$12 -> 87 | O33: ='2ndYear'!$J$12 -> 93
M34: ='3rdYear'!$B$19 -> 60 | N34: ='3rdYear'!$C$19 -> 87 | O34: ='3rdYear'!$D$19 -> 93
L35: Riya | M35: =SUM(M32:M34) -> 180 | N35: =SUM(N32:N34) -> 261 | O35: =SUM(O32:O34) -> 279
M36: ='1stYear'!$E$22 -> 65 | N36: ='1stYear'!$F$22 -> 98 | O36: ='1stYear'!$G$22 -> 78
M37: ='2ndYear'!$H$13 -> 65 | N37: ='2ndYear'!$I$13 -> 98 | O37: ='2ndYear'!$J$13 -> 78
M38: ='3rdYear'!$B$20 -> 65 | N38: ='3rdYear'!$C$20 -> 98 | O38: ='3rdYear'!$D$20 -> 78
L39: Nilay | M39: =SUM(M36:M38) -> 195 | N39: =SUM(N36:N38) -> 294 | O39: =SUM(O36:O38) -> 234

Sheet DATA_VALIDATION
A1: DATA VALIDATION
A2: Name | B2: Number | C2: Date | D2: List1 | E2: List2
A3: Amrita | B3: 15 | C3: 45992
