Workbook

Sheet VLOOKUP
A1: Worksheet 1: Products | F1: Worksheet 2: Orders
A2: ProductID | B2: Product | C2: Category | D2: Price | F2: OrderID | G2: ProductID | H2: Quantity | I2: UnitPrice | J2: TotalPrice
A3: 101 | B3: Product A | C3: Electronics | D3: 120 | F3: 1 | G3: 101 | H3: 2
A4: 102 | B4: Product B | C4: Furniture | D4: 150 | F4: 2 | G4: 103 | H4: 1
A5: 103 | B5: Product C | C5: Electronics | D5: 200 | F5: 3 | G5: 105 | H5: 4
A6: 104 | B6: Product D | C6: Clothing | D6: 90 | F6: 4 | G6: 106 | H6: 3
A7: 105 | B7: Product E | C7: Furniture | D7: 220 | F7: 5 | G7: 102 | H7: 5
A8: 106 | B8: Product F | C8: Electronics | D8: 130 | F8: 6 | G8: 104 | H8: 6
A13: QUESTION
A14: 1. Use VLOOKUP to dynamically find the unit price for each ProductID in the Orders worksheet and calculate the total price.
A15: 2. Use nested VLOOKUP to find the category of each product in the Orders worksheet.
M18: ANSWER
P19: Q 1. | S19: Q2.
M20: OrderID | N20: ProductID | O20: Quantity | P20: Product | Q20: UnitPrice | R20: TotalPrice | S20: Category
M21: 1 | N21: 101 | O21: 2 | P21: =VLOOKUP(N21,VLOOKUP!$A$2:$D$8,2,0) -> Product A | Q21: =VLOOKUP(P21,VLOOKUP!$B$2:$D$8,3,0) -> 120 | R21: =Q21*O21 -> 240 | S21: =VLOOKUP(N21,VLOOKUP!$A$2:$D$8,3,0) -> Electronics
M22: 2 | N22: 103 | O22: 1 | P22: =VLOOKUP(N22,VLOOKUP!$A$2:$D$8,2,0) -> Product C | Q22: =VLOOKUP(P22,VLOOKUP!$B$2:$D$8,3,0) -> 200 | R22: =Q22*O22 -> 200 | S22: =VLOOKUP(N22,VLOOKUP!$A$2:$D$8,3,0) -> Electronics
M23: 3 | N23: 105 | O23: 4 | P23: =VLOOKUP(N23,VLOOKUP!$A$2:$D$8,2,0) -> Product E | Q23: =VLOOKUP(P23,VLOOKUP!$B$2:$D$8,3,0) -> 220 | R23: =Q23*O23 -> 880 | S23: =VLOOKUP(N23,VLOOKUP!$A$2:$D$8,3,0) -> Furniture
M24: 4 | N24: 106 | O24: 3 | P24: =VLOOKUP(N24,VLOOKUP!$A$2:$D$8,2,0) -> Product F | Q24: =VLOOKUP(P24,VLOOKUP!$B$2:$D$8,3,0) -> 130 | R24: =Q24*O24 -> 390 | S24: =VLOOKUP(N24,VLOOKUP!$A$2:$D$8,3,0) -> Electronics
M25: 5 | N25: 102 | O25: 5 | P25: =VLOOKUP(N25,VLOOKUP!$A$2:$D$8,2,0) -> Product B | Q25: =VLOOKUP(P25,VLOOKUP!$B$2:$D$8,3,0) -> 150 | R25: =Q25*O25 -> 750 | S25: =VLOOKUP(N25,VLOOKUP!$A$2:$D$8,3,0) -> Furniture
M26: 6 | N26: 104 | O26: 6 | P26: =VLOOKUP(N26,VLOOKUP!$A$2:$D$8,2,0) -> Product D | Q26: =VLOOKUP(P26,VLOOKUP!$B$2:$D$8,3,0) -> 90 | R26: =Q26*O26 -> 540 | S26: =VLOOKUP(N26,VLOOKUP!$A$2:$D$8,3,0) -> Clothing

Sheet HLOOKUP
A2: Worksheet: MonthlySales
A4: Product | B4: Jan | C4: Feb | D4: Mar | E4: Apr | F4: May
A5: Product A | B5: 120 | C5: 130 | D5: 140 | E5: 150 | F5: 160
A6: Product B | B6: 150 | C6: 160 | D6: 170 | E6: 180 | F6: 190
A7: Product C | B7: 200 | C7: 210 | D7: 220 | E7: 230 | F7: 240
A8: Product D | B8: 90 | C8: 100 | D8: 110 | E8: 120 | F8: 130 | L8: Product | M8: Jan | N8: Feb | O8: Mar | P8: Apr | Q8: May
A9: Product E | B9: 220 | C9: 230 | D9: 240 | E9: 250 | F9: 260 | L9: Product B | M9: {=HLOOKUP($B$4:$F$4,A4:F10,3,0)} -> 150 | N9: 160 | O9: 170 | P9: 180 | Q9: 190
A10: Product F | B10: 130 | C10: 140 | D10: 150 | E10: 160 | F10: 170
A12: QUESTION
A13: 1. Use HLOOKUP to dynamically find the sales for Product B in a specified month.
